WORKOUTID,TITLE,GENRES
112,Elements,No genre
115,Solace,No genre
116,The Core,No genre
119,Focus,No genre
125,New Frontiers,No genre
136,Fusion,No genre
138,Escape,No genre
155,Follow Through,No genre
156,Balance,No genre
157,The Present,Pop
159,Champion,No genre
161,Full Body Werk,No genre
167,Slow Burn,No genre
168,Fortify,No genre
169,Empowerment,No genre
175,Transform,Pop
176,Joy,Pop|R&B/Soul/Jazz
177,Just Move,No genre
181,Girl Power,Pop|Electronic
183,Monster,Hip Hop
195,Tough,Pop|Rock|Electronic
196,Power Jams,Pop|Hip Hop
197,Rapattack,Hip Hop
199,Perfect Day,Pop
200,Funout,Pop
212,Dive In,Pop|Rock
217,Out There,Pop
230,Balance,Pop
233,Rumble,Pop
244,Pros Only,Pop|Electronic|Hip Hop
246,Retrofit,Rock|R&B/Soul/Jazz
249,Fortify,Electronic|Hip Hop
253,Beginners Only,Pop
266,Superfreak,R&B/Soul/Jazz
269,Full Body Werk,Pop|Electronic
270,Freedom Rock,Rock
271,Peak Power,Rock
272,Follow Through,Pop|Hip Hop
275,Slow Burn,Pop
277,The Drop,Electronic
278,Slow Burn,Rock
279,Molten Rock,Rock
280,Pop Till You Drop,Pop
281,Rapattack,Hip Hop
282,Retrofit,Pop|Rock
283,Pool House,Electronic
284,Girl Power,Pop
285,Sustain,Electronic|Hip Hop
296,Monster,Rock
297,Rapattack,Hip Hop
299,Sweaty Flannel,Rock
300,Monster,No genre
303,Go Big,Pop
304,Pop Till You Punk,Rock
305,The Drop,Electronic
306,Retrofit,Pop|Rock
307,Just Dance,Pop|Electronic
308,The Turn Up,Pop
309,Fitness Journey,Pop|Hip Hop
312,The Drop,Pop|Electronic
313,Slow Burn,Electronic
315,Superfreak,R&B/Soul/Jazz
316,Move It,Pop
317,Pride,No genre
318,Skinny Jeans and Ripped Seams,Rock
319,Flow,Pop
326,Incline,Pop|R&B/Soul/Jazz
327,Freedom Rock,Rock
328,Slow Burn,Pop|Rock
329,Slow Burn,Rock
330,Slow Burn,Pop
334,Work It,Hip Hop
335,Mood Booster,Rock
336,Pep It Up,Pop|R&B/Soul/Jazz
338,Heat,Rock
339,Glutacious,Pop|Electronic
340,"Pump, You Up 90s",Rock|Electronic
341,Punk You,Rock
344,Guilty Pleasures,Rock
347,Girl Power,R&B/Soul/Jazz
348,Just Dance,Pop
349,Monster,Rock
351,The Drop,Electronic
353,Power,Rock|Electronic
354,Slow Burn,R&B/Soul/Jazz
356,Strut,No genre
357,Skinny Jeans and Ripped Seams,Rock
358,Pool House,Electronic
362,Rock Hard,Rock
364,Y2K Babyyy,Pop|Hip Hop
366,Mood Booster,R&B/Soul/Jazz
370,Slow Burn,Rock
371,Flow: Getting Started,Pop|R&B/Soul/Jazz
372,Rapattack,Hip Hop
373,Skinny Jeans and Ripped Seams,Rock
374,"Pump, You Up 90s",Electronic
375,Mood Booster,Pop|Rock|R&B/Soul/Jazz
379,Retrofit,Pop|Rock
381,Freedom Rock,Rock
383,Hip Hop You Don't Stop,Hip Hop
384,Pop Till You Punk,Rock
385,Smooth Sailing,Rock
386,Slow Burn,Rock
388,Monster,Electronic
389,Pop Till You Drop,Pop
390,Just Dance,R&B/Soul/Jazz
392,Sweaty Flannel,Rock
396,Dark Forces,Electronic
397,Break Stuff,Rock|Electronic
408,Slow Burn,Rock
410,Mood Booster,Pop
411,Monster,Hip Hop
423,Take the Stage,Rock
424,Hair Brained,Rock
425,Summer,Pop|Electronic
426,The Drop,Electronic
427,A Call To Arms,Rock|Hip Hop
430,Flow,Pop
438,Quick Hits,Rock
445,Prom Night,Pop|Rock
449,Guilty Pleasures,Rock
450,Sweat Symphony,Classical/Musical
452,Shower Songs,No genre
453,Quick Hits,Rock
455,Quick Hits,Hip Hop
457,Cover Lover,Rock
458,Y2K Babyyy,Rock
461,Slow Burn,Rock
464,Broken Dreams Team,Rock
466,"Pump, You Up 90s",Rock
467,Quick Hits,Electronic
474,Quick Hits,Rock
475,Hoedown Throwdown,Country
477,That Feeling,Pop|Electronic
478,Quick Hits,Rock
479,New Beginnings,Pop|R&B/Soul/Jazz
480,Mood Booster,Pop
481,Retrofit,Pop|Rock
482,Skinny Jeans and Ripped Seams,Rock
485,Monster,Pop
486,Power,Rock
487,Quick Hits,Rock
488,Quick Hits,Electronic
490,Resilience,No genre
492,Rock Boom Baby,Pop|Rock
493,The Drop,Electronic
496,Quick Hits,Rock
497,Quick Hits,Pop
499,Sweaty Flannel,Rock
500,Break Up Shape Up,Pop
502,Freedom Rock,Rock
503,Just Dance,Pop|Electronic
505,Monster,R&B/Soul/Jazz
506,Strut,Rock
507,Quick Hits,Hip Hop
508,Quick Hits,R&B/Soul/Jazz
509,Pop Till You Drop,Pop
510,Guilty Pleasures,Rock
511,Quick Hits,Rock
516,The Drop,Electronic
517,Ignite,Hip Hop
518,Quick Hits,Hip Hop
520,Broken Dreams Team,Rock
521,Quick Hits,R&B/Soul/Jazz
522,Quick Hits,Rock
526,Monster,Electronic
527,Balance,Pop
528,Break Stuff,Electronic|Hip Hop
531,A Call to Arms,Electronic
532,Sweat Symphony,Classical/Musical
533,Skinny Jeans and Ripped Seams,Rock
535,Pool House,Electronic
536,Rapattack,Hip Hop
550,Quick Hits,Rock
551,Quick Hits,No genre
555,Superfreak,R&B/Soul/Jazz
557,Mood Booster,Rock
558,Quick Hits,Pop|Rock
559,Pop Till You Drop,Pop
560,Freedom Rock,Rock
562,Retrofit,Pop|Rock
563,Quick Hits,Classical/Musical
564,Just Dance,Pop
566,Monster,Electronic
568,Quick Hits,Electronic|Hip Hop
570,Sweaty Flannel,Rock
571,The Drop,Pop|Electronic
572,Quick Hits,Pop|Rock
573,Molten Rock,Rock
577,Monster,Rock
578,Power,Rock
579,Quick Hits,Pop
580,Quick Hits,Rock
581,Quick Hits,Rock
582,Abs-o'licious,Pop|Electronic
583,Glutacious,Pop|Electronic
584,Mood Booster,No genre
585,That Feeling,Pop
586,Quick Hits,No genre
588,Guilty Pleasures,Pop
589,Rock Hard,Rock
590,Monster,No genre
592,Quick Hits,Rock
593,Hip Hop You Don't Stop,Hip Hop
594,Game Time,No genre
595,Girl Power,R&B/Soul/Jazz
596,Broken Dreams Team,Rock
601,Flow,Pop
602,Halloworkit,No Genre
603,Pop Till You Drop,Pop
604,Molten Rock,Rock
605,Prom Night,Pop|Rock
607,Quick Hits,R&B/Soul/Jazz
608,Quick Hits,Country
609,Punk You,Rock
610,Smooth Sailing,Rock
611,Pop Till You Drop,Pop
616,Just Dance,Electronic
617,Dark Forces,Hip Hop
618,Quick Hits,Pop
621,Glutacious,Pop|Electronic|Hip Hop
622,Superfreak,R&B/Soul/Jazz
623,"Break Up, Shape Up",Pop
624,Break Stuff,Electronic|Hip Hop
625,Quick Hits,Hip Hop
626,Y2K Babyyy,Pop|Rock
628,Monster,Rock
632,Quick Hits,Electronic
633,Quick Hits,Electronic
634,Nouveau Disco,Electronic|R&B/Soul/Jazz
635,Pros Only,Rock|Electronic
636,Pool House,Electronic
637,The Drop,Electronic
638,Quick Hits,Pop
639,Quick Hits,Pop
640,Gratitude,R&B/Soul/Jazz
643,Retrofit,Pop|Rock
644,Just Dance,Electronic|Hip Hop
645,Super Monster: Turkey Burn,Pop|R&B/Soul/Jazz
646,Rock The Ages,No genre
648,Hip Hop You Don't Stop,Hip Hop
649,The Drop,Electronic
650,Hip Hop You Don't Stop,Hip Hop
651,Pop Till You Drop,Pop
652,Quick Hits,Electronic
654,Quick Hits,Rock
655,Breakout Role,Rock|R&B/Soul/Jazz
656,"Pump, You Up 90s",Rock
657,A Call To Arms,Pop|Electronic
660,Skinny Jeans and Ripped Seams,Rock
662,Sweat Symphony,Classical/Musical
666,Strut,Rock
667,Retrofit,Pop|Rock
668,Pool House,Electronic
669,Hair Brained,Rock
670,Molten Rock,Rock
671,Mood Booster,Pop|Electronic
672,Quick Hits,R&B/Soul/Jazz
673,Quick Hits,Pop|Rock
674,Quick Hits,Rock
675,Rapattack,Hip Hop
677,Girl Power,Rock
679,Cover Lover,Rock|R&B/Soul/Jazz
680,Shower Songs,Rock
681,Mood Booster,Pop
682,Just Dance,R&B/Soul/Jazz
684,Monster,Pop
685,Just Dance,Electronic
686,Rock The Ages,Rock
687,Quick Hits,Pop
688,Quick Hits,Electronic|R&B/Soul/Jazz
690,Rock Hard,Rock
695,Quick Hits,Hip Hop
697,Retrofit,Pop|Rock
698,Rap-ture,Hip Hop
699,Strut,No genre
700,Freedom Rock,Rock
701,Retrofit,Pop|Rock
702,Rock Boom Baby,Pop|Rock
703,The Drop,Electronic
704,Game Time,Electronic|Hip Hop
705,Quick Hits,Hip Hop
706,Quick Hits,Pop
707,Quick Hits,Electronic
708,Sweat Symphony,Classical/Musical
710,Quick Hits,Pop
711,Quick Hits,Pop|Electronic
712,Quick Hits,Pop|Electronic|Hip Hop
717,Pop Till You Drop,Pop
718,Merry,R&B/Soul/Jazz
719,Quick Hits,Rock
720,Quick Hits,Electronic
721,Quick Hits,Rock
722,Pop Till You Drop,Pop|Hip Hop
723,Punk You,Rock
724,Just Dance,Electronic
725,Monster,Hip Hop
726,This Year: Be You,Pop
728,Smooth Sailing,Rock
730,Sweaty Flannel,Rock
731,Summer,Pop|Electronic
732,Rock The Ages,Rock
733,Quick Hits,Electronic
734,Quick Hits,Pop
735,Fresh Finds,Electronic|R&B/Soul/Jazz
736,Hoedown Throwdown,Country
737,Broken Dreams Team,Pop|Rock
750,Monster,Electronic
751,Mood Booster,Pop
752,Quick Hits,Classical/Musical
753,Quick Hits,Rock
754,Quick Hits,Pop|Rock
755,Jazz It Up,R&B/Soul/Jazz
756,Rock Hard,Rock
757,Hip Hop You Don't Stop,Hip Hop
758,Girl Power,Pop
759,Pop Till You Punk,Rock
760,Strut,Rock
761,A Call To Arms,Rock
767,Quick Hits,Rock
768,Quick Hits,Hip Hop
769,Quick Hits,Rock
770,Nouveau Disco,Electronic|R&B/Soul/Jazz
771,Skinny Jeans and Ripped Seams,Rock
772,Guilty Pleasures,Pop|Rock
773,Freedom Rock,Rock
774,Quick Hits,Rock
775,Quick Hits,Hip Hop
776,Quick Hits,Electronic
777,Super Monster,Pop
786,Molten Rock,Rock
787,Girl Power,R&B/Soul/Jazz
788,Super Monster,Electronic
789,Glutacious,Pop|Electronic
790,Game Time,Rock
791,Quick Hits,Electronic|Hip Hop
792,Quick Hits,Pop|Electronic
793,Quick Hits,Pop|Rock
794,Y2K Babyyy,Pop|Rock
801,Fresh Finds,R&B/Soul/Jazz
802,Just Dance,Electronic|Hip Hop
803,Mood Booster,Rock|R&B/Soul/Jazz
804,Power,Electronic|Hip Hop
806,Quick Hits,Pop
807,Quick Hits,R&B/Soul/Jazz
808,Pop Till You Drop,Pop
809,Freedom Rock,Rock
810,The Drop,Electronic|R&B/Soul/Jazz|Latin/Reggae/World
811,Monster,Pop
812,Strut,Rock
813,The Drop,Electronic
817,Flow,Pop|Electronic
818,Rap-ture,Pop|Hip Hop
819,Quick Hits,Rock
820,Quick Hits,Rock
821,Quick Hits,Electronic
822,Hip Hop You Don't Stop,Hip Hop
823,Superfreak,R&B/Soul/Jazz
824,Reggae Getaway,Latin/Reggae/World
825,"Pump, You Up 90s",Rock
826,Quick Hits,Rock
827,Quick Hits,Classical/Musical
831,Day 1,No Genre
839,Day 2,No Genre
842,Day 4,No Genre
843,Day 5,No Genre
844,Day 6,No Genre
847,Day 7,No Genre
849,Retrofit,Rock
850,Take The Stage,Rock
851,Pros Only,Electronic
852,Quick Hits,Hip Hop
853,Strut,Rock
854,Quick Hits,Pop|Rock
855,Quick Hits,Country
856,Quick Hits,Electronic|R&B/Soul/Jazz
857,Prom Night,R&B/Soul/Jazz
858,Rapattack,Hip Hop
869,Self Love,Pop|Rock
870,Hip Hop You Don't Stop,Hip Hop
871,Quick Hits,R&B/Soul/Jazz
873,The Drop,Electronic
874,Quick Hits,Pop|Electronic
875,Sweaty Flannel,Rock
876,Pros Only,Pop|Electronic
877,Quick Hits,Pop
878,Superfreak,Electronic|R&B/Soul/Jazz
879,Sweat Symphony,Classical/Musical
883,Break Stuff,Rock
884,Retrofit,Pop|Rock
886,Superfreak,R&B/Soul/Jazz
887,Just Dance,Electronic|R&B/Soul/Jazz
888,The Drop,Electronic
889,Quick Hits,R&B/Soul/Jazz
890,Power,Rock
891,Sea Shanties,Latin/Reggae/World
892,Quick Hits,Pop|Rock
893,Quick Hits,Rock
894,Monster,Rock
895,Skinny Jeans and Ripped Seams,Electronic
896,Mighty Musicals,Classical/Musical
897,Y2K Babyyy,Hip Hop|R&B/Soul/Jazz
898,Rock Hard,Rock
899,Fuego,Latin/Reggae/World
900,Guilty Pleasures,Pop|Rock
901,Y2K Babyyy,Rock
902,Smooth Sailing,Pop|Rock
904,Quick Hits,Rock
905,Quick Hits,Rock
906,Hoedown Throwdown,Country
907,Strut,Rock
915,Summer,Pop
916,Quick Hits,R&B/Soul/Jazz
917,Quick Hits,Pop|Electronic
918,Quick Hits,Pop|Hip Hop
921,Polka Till You Pop,Electronic|R&B/Soul/Jazz
922,Take The Stage,Rock
923,Just Dance,Pop|Latin/Reggae/World
924,Fresh Finds,Electronic|R&B/Soul/Jazz
925,"Break Up, Shape Up",Electronic
926,Broken Dreams Team,Rock
927,Quick Hits,Pop|Rock
928,Quick Hits,Rock
929,Quick Hits,Pop
936,Super Monster,Rock
937,Self Love,Pop|Electronic|Hip Hop
938,The Drop,Electronic|Latin/Reggae/World
939,Cover Lover,Electronic
940,Game Time,Hip Hop
941,Strut,Pop|Rock
942,Self Love,Rock
943,Quick Hits,Electronic|Latin/Reggae/World
945,Quick Hits,Latin/Reggae/World
958,Quick Hits,Pop
959,Quick Hits,Rock
960,Quick Hits,R&B/Soul/Jazz
961,Breakout Role,Rock|Classical/Musical
962,Punk You,Rock
963,Pop Till You Drop,Pop
964,Mood Booster,Rock
966,Power,Hip Hop
967,Jazz It Up,R&B/Soul/Jazz
975,Nouveau Disco,Electronic|R&B/Soul/Jazz
976,Pop Till You Punk,Rock
977,That Feeling,Pop|Rock
978,Monster,Rock
979,Quick Hits,Rock
980,Quick Hits,Pop
981,Quick Hits,Rock
983,Fitness Journey,Pop|Electronic
984,Nonstop K-Pop,Pop|Latin/Reggae/World
985,Fuego,Latin/Reggae/World
986,Hip Hop You Don't Stop,Hip Hop
987,Rock The Ages,Rock
988,Skinny Jeans and Ripped Seams,Rock
989,Quick Hits,Hip Hop
990,Quick Hits,Electronic
991,Quick Hits,Rock
993,The Drop,Electronic|Latin/Reggae/World
994,Guilty Pleasures,Pop|Rock
995,Fresh Finds,R&B/Soul/Jazz
996,Y2K Babyyy,Rock|Electronic
1007,Superfreak,R&B/Soul/Jazz
1008,Hair Brained,Rock
1009,Quick Hits,Hip Hop
1010,Quick Hits,Rock|R&B/Soul/Jazz
1011,Quick Hits,Pop|Electronic
1012,Self Love,R&B/Soul/Jazz
1013,Rapattack,Hip Hop|Latin/Reggae/World
1015,Bollywood Beats,Latin/Reggae/World
1016,Pros Only,Pop|Electronic
1017,Monster,Rock|R&B/Soul/Jazz
1019,Quick Hits,Rock
1020,Quick Hits,R&B/Soul/Jazz
1021,Quick Hits,R&B/Soul/Jazz
1035,Shower Songs,Pop
1036,Rock Hard,Rock
1037,Glutacious,Electronic
1038,Hoedown Throwdown,Country
1039,Pop Till You Drop,Pop
1040,Sweaty Flannel,Rock
1041,Quick Hits,Rock
1042,Quick Hits,Pop
1043,Quick Hits,Electronic|R&B/Soul/Jazz
1045,Girl Power,Electronic
1046,Rap-ture,Hip Hop
1047,Sweat Symphony,Classical/Musical
1048,Just Dance,Electronic|R&B/Soul/Jazz
1049,Rock Boom Baby,Rock|R&B/Soul/Jazz
1050,Super Duper Monster,Rock
1051,Quick Hits,Hip Hop|R&B/Soul/Jazz
1052,Quick Hits,Rock
1053,Quick Hits,Rock|Classical/Musical
1055,Girl Power,Pop
1063,Self Love,Pop|Hip Hop
1064,Fuego,Latin/Reggae/World
1065,Smooth Sailing,Pop|Rock
1066,Superfreak,R&B/Soul/Jazz
1067,Molten Rock,Rock
1068,Pool House,Pop|Rock|Electronic
1069,Quick Hits,Hip Hop
1071,Quick Hits,Rock
1072,Quick Hits,Pop|Rock
1073,Mighty Musicals,Classical/Musical
1074,Abs-o'licious,Electronic
1075,Retrofit,Pop|Electronic
1076,Pop Till You Drop,Pop
1083,Guilty Pleasures,Pop
1086,Broken Dreams Team,Rock
1090,Joy,Pop
1091,Just Dance,Pop|Hip Hop
1092,Mood Booster,R&B/Soul/Jazz
1094,Power,Rock|R&B/Soul/Jazz
1095,Y2K Babyyy,Pop
1097,Super Monster,Electronic|Latin/Reggae/World
1101,Strut,Pop
1102,Break Stuff,Rock
1103,Quick Hits,Hip Hop
1104,Quick Hits,Rock
1105,Quick Hits,Pop|Electronic
1106,Skinny Jeans and Ripped Seams,Rock
1107,Freedom Rock,Rock|R&B/Soul/Jazz
1108,Reggae Getaway,Latin/Reggae/World
1109,Flow,Pop
1118,Monster,Hip Hop
1120,Quick Hits,Pop|Electronic
1121,Quick Hits,Rock
1122,Quick Hits,Electronic
1123,Cover Lover,Rock
1124,Just Dance,Pop|Electronic
1125,Fuego,Pop|Latin/Reggae/World
1126,Mood Booster,Pop|Rock
1127,Pop Till You Punk,Rock
1131,Quick Hits,Hip Hop
1132,Quick Hits,Country
1133,Quick Hits,Electronic
1135,Hip Hop You Don't Stop,Hip Hop
1136,Pros Only,Rock
1137,Shower Songs,Pop|Rock
1138,Monster,Pop|Electronic|R&B/Soul/Jazz
1139,Pop Till You Drop,Pop|Electronic
1140,Rock The Ages,Rock|Country
1141,Quick Hits,Rock
1142,Quick Hits,Pop
1145,Rapattack,Hip Hop
1146,The Drop,Electronic
1150,Retrofit,Rock
1152,Just Dance,Pop|Hip Hop
1153,Freedom Rock,Rock
1154,"Pump, You Up 90s",Pop|Rock
1155,Break Up Shape Up,Pop
1156,Quick Hits,Rock|Electronic
1157,Quick Hits,Pop
1158,Quick Hits,Rock
1159,A Call To Arms,Electronic
1160,Hair Brained,Rock
1161,Monster,Pop|R&B/Soul/Jazz
1162,That Feeling,R&B/Soul/Jazz
1164,Molten Rock,Rock
1166,Quick Hits,Hip Hop
1171,Quick Hits,Pop
1174,Quick Hits,Pop|Rock
1180,Quick Hits,Electronic
1181,Superfreak,R&B/Soul/Jazz
1182,Skinny Jeans and Ripped Seams,Rock
1183,Quick Hits,Rock
1184,Quick Hits,Pop|Electronic
1185,Quick Hits,Rock
1186,Quick Hits,Electronic
1187,Quick Hits,Pop|Rock
1188,Sweaty Flannel,Rock
1189,Sweat Symphony,Classical/Musical
1191,Monster,Pop|Electronic
1192,Molten Rock,Rock
1193,Just Dance,Electronic|R&B/Soul/Jazz
1194,Joy,Pop
1195,Hip Hop You Don't Stop,Hip Hop
1197,Fresh Finds,Pop|Electronic
1199,Self Love,Pop
1210,Game Time,Rock|Hip Hop
1211,Retrofit,Rock
1212,The Drop,Electronic
1214,Strut,Rock
1215,Guilty Pleasures,Pop|R&B/Soul/Jazz
1216,Quick Hits,Rock
1217,Quick Hits,Rock
1219,Pop Till You Drop,Pop
1220,Pop Till You Drop,Pop
1221,Jazz It Up,R&B/Soul/Jazz
1222,Monster,Hip Hop|R&B/Soul/Jazz|Latin/Reggae/World
1223,Pop Till You Drop,Pop
1225,Mood Booster,Rock
1226,Rock Hard,Rock
1227,Quick Hits,Classical/Musical
1228,Quick Hits,R&B/Soul/Jazz|Latin/Reggae/World
1230,Quick Hits,Rock
1231,Prom Night,Pop|Rock|R&B/Soul/Jazz
1238,Day 1,No Genre
1239,Day 2,No Genre
1240,Day 3,No Genre
1241,Day 4,No Genre
1242,Day 5,No Genre
1244,Day 7,No Genre
1245,Rap-ture,Pop|Hip Hop
1246,The Drop,Electronic
1250,Power,Rock|Electronic
1251,Glutacious,Pop|Electronic|Hip Hop
1252,Monster,Pop|Hip Hop
1253,Quick Hits,Pop
1254,Quick Hits,Pop|Latin/Reggae/World
1255,Quick Hits,Pop|Latin/Reggae/World
1256,Super Monster,Pop|Electronic
1257,Rapattack,Hip Hop
1258,Mood Booster,Rock|R&B/Soul/Jazz
1264,Rock The Ages,Rock
1267,Guilty Pleasures,Electronic
1268,Shower Songs,Pop|Electronic
1270,Girl Power,Pop|R&B/Soul/Jazz
1271,Strut,Pop|Rock
1272,Quick Hits,Pop|Rock
1273,Quick Hits,Rock
1276,Rock Hard,Rock
1277,Break Stuff,Electronic|Hip Hop
1279,Broken Dreams Team,Rock
1281,Fuego,Pop|Latin/Reggae/World
1285,Nouveau Disco,Electronic|R&B/Soul/Jazz
1286,Summer,Pop
1287,"Pump, You Up 90s",Rock
1288,Pop Till You Drop,Pop|Latin/Reggae/World
1289,Rock Boom Baby,Rock|R&B/Soul/Jazz
1290,Abs-o'licious,Pop|Rock
1291,The Drop,Electronic
1292,Quick Hits,Pop|Electronic
1293,Quick Hits,Rock
1294,Quick Hits,Pop|Hip Hop
1297,Monster,Rock
1298,Rock The Ages,Rock
1299,Retrofit,Rock
1300,The Drop,Pop|Electronic
1301,Rock The Ages,Rock|Latin/Reggae/World
1302,Monster,Rock
1303,Quick Hits,Electronic
1304,Quick Hits,Classical/Musical
1305,Quick Hits,Pop
1307,Rapattack,Hip Hop|Latin/Reggae/World
1308,Punk You,Rock
1310,Superfreak,R&B/Soul/Jazz
1311,Rapattack,Hip Hop
1312,Flow,Pop|R&B/Soul/Jazz
1320,Mood Booster,Pop|Rock
1321,Freedom Rock,Pop
1324,Hair Brained,Rock
1325,Jazz It Up,R&B/Soul/Jazz|Latin/Reggae/World
1326,Molten Rock,Rock
1327,Quick Hits,Rock
1328,Quick Hits,Rock
1329,Quick Hits,Pop|Rock
1330,Super Monster,R&B/Soul/Jazz
1331,Fresh Finds,Pop|Latin/Reggae/World
1332,The Drop,Electronic|Latin/Reggae/World
1337,Just Dance,Electronic
1338,Game Time,Electronic|Hip Hop
1339,Quick Hits,Rock
1340,Quick Hits,Pop
1341,Quick Hits,Electronic|R&B/Soul/Jazz
1342,Glutacious,Pop|Latin/Reggae/World
1343,Break Up Shape Up,Pop
1344,Guilty Pleasures,Pop
1345,Smooth Sailing,R&B/Soul/Jazz
1346,Pop Till You Drop,Pop|Electronic
1347,Girl Power,Electronic
1349,Quick Hits,Hip Hop
1350,Quick Hits,Pop|Hip Hop
1351,Quick Hits,R&B/Soul/Jazz
1353,Boxing: Basics,Hip Hop
1354,Game Time,Pop|Hip Hop
1355,Molten Rock,Rock
1356,Cover Lover,Rock|R&B/Soul/Jazz
1357,Summer,Pop|R&B/Soul/Jazz|Latin/Reggae/World
1358,"Pump, You Up 90s",Hip Hop
1359,Pros Only,Electronic|Hip Hop
1360,Take The Stage,R&B/Soul/Jazz
1364,Power,Pop|Rock
1365,Hoedown Throwdown,Country
1373,Quick Hits,Electronic|Hip Hop
1374,Quick Hits,Hip Hop
1375,Quick Hits,Rock
1376,Pop Till You Punk,Rock
1377,Y2K Babyyy,Pop|Rock
1378,Quick Hits,R&B/Soul/Jazz
1379,Quick Hits,Rock
1380,Quick Hits,Rock
1381,Breakout Role,Classical/Musical
1382,Monster,Electronic
1392,Pop Till You Drop,Pop
1393,Nouveau Disco,Electronic|R&B/Soul/Jazz
1394,Hair Brained,Rock
1395,Retrofit,Rock
1396,Broken Dreams Team,Rock
1398,Break Stuff,Rock
1399,Strut,Rock
1401,Just Dance,Pop|Hip Hop
1403,Pros Only,Rock
1410,Pros Only,Electronic
1411,Girl Power,Pop|R&B/Soul/Jazz
1412,Rock The Ages,Rock
1413,Rapattack,Hip Hop
1415,Quick Hits,Rock
1416,Quick Hits,Hip Hop
1417,Fun Size Halloworkit,Classical/Musical
1418,Mighty Musicals,Classical/Musical
1419,Joy,Pop
1420,Freedom Rock,Rock
1424,Quick Hits,R&B/Soul/Jazz
1425,Quick Hits,Pop|Hip Hop
1443,Rock Hard,Rock
1444,Fun Size Halloworkit,Rock
1445,Quick Hits,Pop
1446,A Call To Arms,Rock
1448,Gratitude,Pop|R&B/Soul/Jazz
1449,Freedom Rock,Rock
1450,Pop Till You Drop,Pop
1451,Self Love,Electronic|Latin/Reggae/World
1453,Quick Hits,R&B/Soul/Jazz
1454,Joy,Pop
1458,Power,Rock
1459,Fun Size Halloworkit,Electronic
1461,Pop Till You Punk,Rock
1462,Monster,Classical/Musical
1464,Hip Hop You Don't Stop,Hip Hop
1465,Freedom Rock,Rock
1466,Pop Till You Drop,Pop
1467,Rapattack,Hip Hop
1468,"Pump, You Up 90s",Pop|Electronic
1469,Rap-ture,Pop|Hip Hop
1470,Quick Hits,Rock
1471,Y2K Babyyy,Pop|Rock|Electronic
1473,Quick Hits,Rock
1474,Quick Hits,Rock|R&B/Soul/Jazz
1475,Super Monster,Pop
1476,Just Dance,Pop|Electronic
1477,Self Love,Pop|Rock
1478,Quick Hits,Rock
1479,Mood Booster,Pop
1482,Rap-ture,Pop|Hip Hop
1483,Self Love,Pop|Electronic|R&B/Soul/Jazz
1484,Fuego,Pop|Latin/Reggae/World
1485,Quick Hits,R&B/Soul/Jazz
1486,Quick Hits,Electronic
1487,Strut,Rock
1488,Game Time,Hip Hop
1489,The Drop,Electronic
1491,Shower Songs,Pop|R&B/Soul/Jazz
1492,Self Love,Pop|R&B/Soul/Jazz
1497,Superfreak,R&B/Soul/Jazz
1498,Sweaty Flannel,Rock
1499,Glutacious,Hip Hop
1500,Self Love,Rock|Country
1502,Quick Hits,Rock
1503,Quick Hits,Rock
1504,Quick Hits,Pop|Electronic
1505,Retrofit,Pop|Rock
1506,Hip Hop You Don't Stop,Hip Hop|R&B/Soul/Jazz
1507,Monster,Pop|Rock
1508,Y2K Babyyy,Hip Hop
1510,Quick Hits,Pop
1511,Quick Hits,Pop|Rock
1513,Sweat Symphony,Classical/Musical
1514,Just Dance,Electronic|R&B/Soul/Jazz
1515,Take The Stage,Classical/Musical
1517,Power,Hip Hop
1518,Rock Hard,Rock
1519,The Drop,Electronic
1522,Molten Rock,Rock
1523,Strut,Pop|Rock
1524,Guilty Pleasures,Pop
1525,Just Dance,Electronic
1526,Quick Hits,No Genre
1527,Quick Hits,No Genre
1529,Rap-ture,No Genre
1530,Hair Brained,Rock
1531,Merry,Pop
1532,Power,Pop|Rock
1533,Monster,No Genre
1534,Fuego,Latin/Reggae/World
1535,Superfreak,R&B/Soul/Jazz
1536,Pop Till You Punk,Rock
1537,"Pump, You Up 90s",Pop|Rock
1538,Just Dance,No Genre
1539,This Year: Be You,No Genre
1540,Quick Hits,Rock
1541,Quick Hits,Hip Hop
1542,Quick Hits,No Genre
1543,Disney Hits,No Genre
1545,Quick Hits,Electronic|R&B/Soul/Jazz
1546,Quick Hits,R&B/Soul/Jazz
1555,Abs-o’licious,Pop|R&B/Soul/Jazz
1556,A Call To Arms,Electronic
1557,Pop Till You Drop,Pop
1558,Mood Booster,No Genre
1559,Retrofit,Pop|Rock
1560,Smooth Sailing,No genre
1564,Rapattack,Hip Hop
1565,Quick Hits,Classical/Musical
1566,Merry,Classical/Musical
1567,Glutacious,Pop|Electronic|R&B/Soul/Jazz
1568,Break Stuff,Rock
1569,Monster,Electronic
1570,Broken Dreams Team,Rock
1572,Quick Hits,Electronic
1573,Quick Hits,Pop
1574,Pop Till You Drop,Pop
1575,Mood Booster,Pop|Rock
1581,Self Love,No Genre
1584,Freedom Rock,Rock
1585,Sweat Symphony,Classical/Musical
1586,Hip Hop You Don't Stop,Pop|Hip Hop
1587,Punk You,Rock
1588,Nouveau Disco,Pop|R&B/Soul/Jazz
1589,Joy,No Genre
1590,Y2K Babyyy,Pop|Hip Hop
1591,Retrofit,Pop|Electronic
1592,Just Dance,Pop|Electronic
1594,Hoedown Throwdown,Country
1595,Strut,Pop|Rock
1596,Prom Night,Pop|R&B/Soul/Jazz
1597,Quick Hits,Rock
1598,Hip Hop You Don't Stop,Hip Hop
1599,Pop Till You Drop,Pop|Electronic
1600,The Drop,Electronic
1603,Quick Hits,No genre
1604,Quick Hits,Pop
1605,Guilty Pleasures,R&B/Soul/Jazz
1620,Rock Hard,Rock
1622,Just Dance,Pop|Electronic
1623,Power,Rock
1624,"Pump, You Up 90s",Pop|Rock
1625,Quick Hits,Hip Hop|Latin/Reggae/World
1626,Quick Hits,Pop
1627,Quick Hits,Rock
1628,Broken Dreams Team,Pop|Rock
1629,Game Time,Hip Hop
1631,Shower Songs,Rock
1632,Y2K Babyyy,Pop|Electronic
1633,Abs-o’licious,Electronic
1634,Game Time,Hip Hop|R&B/Soul/Jazz
1635,Retrofit,Pop|Rock
1636,Hair Brained,No Genre
1645,Pop Till You Punk,No genre
1646,Freedom Rock,No genre
1647,Monster,No Genre
1648,The Drop,No genre
1649,Quick Hits,No genre
1650,Quick Hits,No genre
1651,Quick Hits,No Genre
1652,Cover Lover,No genre
1653,Rock Hard,No Genre
1654,Just Dance,No Genre
1655,Rock Boom Baby,No Genre
1656,Joy,No genre
1657,Break Up Shape Up,No Genre
1658,Jazz It Up,No genre
1659,Mood Booster,No genre
1660,"Pump, You Up 90s",No genre
1661,Retrofit,No Genre
1663,Retrofit,No Genre
1664,The Drop,No genre
1665,Superfreak,No genre
1666,That Feeling,No Genre
1667,Break Stuff,No genre
1668,Glutacious,No genre
1669,Superfreak,No genre
1673,Molten Rock,No genre
1680,Power,No genre
1681,Cover Lover,No genre
1683,Quick Hits,No Genre
1684,Quick Hits,No Genre
1685,Quick Hits,No genre
1686,Pop Till You Drop,No genre
1687,Rock Hard,No genre
1688,Just Dance,No Genre
1689,Girl Power,No genre
1690,Skinny Jeans and Ripped Seams,No genre
1691,Fuego,No Genre
1692,Broken Dreams Team,No genre
1693,Pop Till You Drop,No genre
1694,Y2K Babyyy,No genre
1696,Just Dance,No Genre
1697,Joy,No genre
1698,Pop Till You Drop,No genre
1702,Quick Hits,No Genre
1703,Game Time,No Genre
1704,Quick Hits,No Genre
1705,Quick Hits,No Genre
1706,Dance Around The World,No Genre
1707,Strut,No Genre
1708,Just Dance,No Genre
1709,Strut,No genre
1710,Sweat Symphony,No genre
1712,Quick Hits,No genre
1713,Quick Hits,No Genre
1714,Quick Hits,No genre
1717,Freedom Rock,No genre
1718,Rock Hard,No Genre
1719,A Call To Arms,No Genre
1720,The Drop,No Genre
1721,Rapattack,No genre
1722,Mood Booster,No genre
1724,"Pump, You Up 90s",No genre
1725,Rock the Ages,No genre
1726,Quick Hits,No genre
1727,Quick Hits,No genre
1728,Quick Hits,No genre
1729,Monster,No genre
1730,Hoedown Throwdown,No genre
1731,Pop Till You Drop,No genre
1732,Monster,No Genre
1733,Just Dance,No Genre
1736,Retrofit,No Genre
1738,Jazz It Up,No genre
1739,Freedom Rock,No Genre
1740,The Drop,No genre
1741,Guilty Pleasures,No Genre
1743,Quick Hits,No genre
1744,Quick Hits,No genre
1745,Quick Hits,No genre
1746,Take The Stage,No genre
1747,Joy,No genre
1748,The Drop,No genre
1749,Break Up Shape Up,No genre
1750,Sham-Rock,No Genre
1779,Day 1,No Genre
1781,Day 2,No Genre
1782,Day 2,No Genre
1783,Day 3,No Genre
1784,Day 3,No Genre
1785,Day 4,No Genre
1786,Day 4,No Genre
1787,Day 5,No Genre
1791,Hip Hop You Don't Stop,No genre
1792,Abs-o’licious,No Genre
1793,Power,No Genre
1796,Sweat Symphony,No Genre
1797,Dance Around The World,No Genre
1798,"Pump, You Up 90s",No genre
1799,Just Dance,No Genre
1800,Superfreak,No genre
1801,Rock Hard,No Genre
1803,Quick Hits,No genre
1804,Quick Hits,No genre
1805,Quick Hits,No genre
1806,Disney Hits,No Genre
1807,Hair Brained,No Genre
1808,Pros Only,No genre
1809,Y2K Babyyy,No Genre
1811,Molten Rock,No genre
1814,Girl Power,No genre
1817,Rapattack,No Genre
1818,Sweaty Flannel,No genre
1819,Pop Till You Drop,No Genre
1820,Shower Songs,No genre
1821,Retrofit,No genre
1822,Broken Dreams Team,No genre
1823,Quick Hits,No genre
1824,Quick Hits,No genre
1825,Quick Hits,No genre
1826,Super Monster,No Genre
1827,Hip Hop You Don't Stop,No genre
1828,Hair Brained,No genre
1830,Guilty Pleasures,No genre
1831,Broken Dreams Team,No genre
1832,Coach Karaoke,No genre
1833,Y2K Babyyy,No genre
1835,Quick Hits,No genre
1836,Quick Hits,No Genre
1837,Quick Hits,No Genre
1838,"Pump, You Up 90s",No Genre
1839,Freedom Rock,No genre
1846,Retrofit,No genre
1847,Shower Songs,No genre
1848,Jazz It Up,No Genre
1849,Quick Hits,No Genre
1850,Quick Hits,No Genre
1851,Quick Hits,No genre
1852,Mighty Musicals,No genre
1853,A Call to Arms,No Genre
1854,Pop Till You Drop,No genre
1855,Pop Till You Punk,No genre
1856,Rock Boom Baby,No genre
1857,Mood Booster,No genre
1858,Power,No genre
1862,Superfreak,No genre
1866,Just Dance,No Genre
1868,Molten Rock,No genre
1869,Cover Lover,No genre
1870,Pop Till You Drop,No genre
1871,"Pump, You Up 90s",No genre
1872,Smooth Sailing,No genre
1873,Game Time,No genre
1874,Rap-ture,No genre
1875,Hip Hop You Don't Stop,No genre
1876,Punk You,No genre
1878,Quick Hits,No genre
1879,Quick Hits,No genre
1880,Quick Hits,No genre
1881,Y2K Babyyy,No genre
1882,The Drop,No genre
1883,Mood Booster,No genre
1899,Breakout Role,No Genre
1906,Pros Only,No Genre
1907,Glutacious,No Genre
1908,Freedom Rock,No genre
1909,Girl Power,No genre
1910,Retrofit,No genre
1911,Rock Hard,No genre
1912,Joy,No genre
1913,That Feeling,No genre
1914,Supernatural,No genre
1916,Quick Hits,No genre
1918,Quick Hits,No genre
1919,Pop Till You Drop,No genre
1920,Broken Dreams Team,No genre
1921,Rock The Ages,No genre
1922,Mood Booster,No genre
1923,The Drop,No genre
1925,Y2K Babyyy,No genre
1926,Retrofit,No genre
1927,Dance Around The World,No Genre
1928,Power,No genre
1929,Break Stuff,No genre
1930,Rapattack,No genre
1931,Sweaty Flannel,No genre
1933,Quick Hits,No genre
1934,Quick Hits,No genre
1935,Quick Hits,No genre
1936,Just Dance,No genre
1938,A Call To Arms,No genre
1939,Strut,No genre
1940,Guilty Pleasures,No genre
1941,Rap-ture,No genre
1943,Hoedown Throwdown,No genre
1945,Abs-o’licious,No genre
1946,Prom Night,No genre
1947,Quick Hits,No genre
1948,Quick Hits,No genre
1949,Quick Hits,No genre
1950,Super Monster,No genre
1953,Pop Till You Punk,No genre
1956,Molten Rock,No genre
1957,Nouveau Disco,No genre
1958,The Drop,No genre
1959,Retrofit,No genre
1970,Quick Hits,No genre
1972,Y2K Babyyy,No genre
1973,Just Dance,No genre
1976,Reggae Getaway,No genre
1977,Quick Hits,No genre
1978,Quick Hits,No genre
1979,Quick Hits,No genre
1980,Sweat Symphony,No genre
1981,Girl Power,No genre
1982,Pop Till You Drop,No Genre
1983,Pros Only,No genre
1984,Rapattack,No genre
1985,Freedom Rock,No genre
1986,Guilty Pleasures,No genre
1987,Mood Booster,No genre
1989,Monster,No genre
1990,Superfreak,No genre
1996,Fuego,No genre
1997,Rapattack,No Genre
2019,Day 1,No Genre
